{"title":"SiturOax","id":"17","meta":{"name":"SiturOax","menu":"app-menu","tab_menu":"none","appZip":"https:\/\/s3-us-west-2.amazonaws.com\/myapppresserstorage\/wp-content\/uploads\/sites\/1485\/2018\/02\/12004904\/situroax-2.9.zip","app_update_version":6,"design":{"toolbar_background":"#000e70","toolbar_color":"#ffffff","text_color":"","body_bg":"","left_menu_bg":"#1099a3","left_menu_text":"","left_menu_icons":"#ffffff","button_text":"","button_background":"#00cc58","link_color":"#093ca3","headings_color":"","status_bar_bkg":"","custom_css":""},"light_status_bar":true,"menu_right":false,"rtl":null,"share":{"icon":{"hide":null}},"intro_slug":""},"ads":{"ios":{"banner":""},"android":{"banner":""}},"segments":"","languages":"","default_language":"en","assets":{"header_logo":54},"menus":{"items":[{"title":"Inicio","page_id":"3","page_type":"html","list_route":null,"list_display":null,"favorites":null,"show_slider":"false","slide_route":null,"slug":"home","type":"apppages","url":"https:\/\/myapppresser.com\/ricardomx19\/apppages\/home\/","extra_classes":"","target":"","class":"home","parent_id":"0"},{"title":"Acerca del Proyecto","page_id":"111","page_type":"html","list_route":null,"list_display":null,"favorites":null,"show_slider":"false","slide_route":null,"slug":"acerca-de","type":"apppages","url":"https:\/\/myapppresser.com\/ricardomx19\/apppages\/acerca-de\/","extra_classes":"","target":"","class":"person","parent_id":"0"},{"title":"Guia Turistica","page_id":"25","page_type":null,"list_route":null,"list_display":null,"favorites":null,"show_slider":null,"slide_route":null,"slug":"noticias","type":"custom","url":"https:\/\/www.situroax.net\/appmovil\/category\/guias-de-viaje\/espanol\/","extra_classes":"","target":"","class":"book","parent_id":"0"},{"title":"Guide touristique","page_id":"96","page_type":null,"list_route":null,"list_display":null,"favorites":null,"show_slider":null,"slide_route":null,"slug":"guide-touristique","type":"custom","url":"https:\/\/www.situroax.net\/appmovil\/category\/guias-de-viaje\/francais\/","extra_classes":"","target":"","class":"book","parent_id":"0"},{"title":"Reisef\u00fchrer","page_id":"97","page_type":null,"list_route":null,"list_display":null,"favorites":null,"show_slider":null,"slide_route":null,"slug":"reisefuhrer-2","type":"custom","url":"https:\/\/www.situroax.net\/appmovil\/category\/guias-de-viaje\/allemand\/","extra_classes":"","target":"","class":"book","parent_id":"0"},{"title":"Tourist guide","page_id":"98","page_type":null,"list_route":null,"list_display":null,"favorites":null,"show_slider":null,"slide_route":null,"slug":"tourist-guide","type":"custom","url":"https:\/\/www.situroax.net\/appmovil\/category\/guias-de-viaje\/english\/","extra_classes":"","target":"","class":"book","parent_id":"0"},{"title":"Todos","page_id":"62","page_type":"list","list_route":"https:\/\/www.situroax.net\/appmovil\/wp-json\/wp\/v2\/posts","list_display":"card","favorites":"false","show_slider":"false","slide_route":null,"slug":"todos","type":"apppages","url":"https:\/\/myapppresser.com\/ricardomx19\/apppages\/todos\/","extra_classes":"","target":"","class":"list-box","parent_id":"0"},{"title":"Mapa Z.A.","page_id":"68","page_type":"html","list_route":null,"list_display":null,"favorites":null,"show_slider":"false","slide_route":null,"slug":"mapa-catedral","type":"apppages","url":"https:\/\/myapppresser.com\/ricardomx19\/apppages\/mapa-catedral\/","extra_classes":"","target":"","class":"navigate","parent_id":"0"},{"title":"Audio-Reisef\u00fchrer","page_id":"78","page_type":null,"list_route":null,"list_display":null,"favorites":null,"show_slider":null,"slide_route":null,"slug":"reisefuhrer","type":"custom","url":"https:\/\/www.situroax.net\/appmovil\/category\/guias-de-viaje\/allemand\/","extra_classes":"","target":"","class":"volume-up","parent_id":"0"},{"title":"Audio tour guide","page_id":"86","page_type":null,"list_route":null,"list_display":null,"favorites":null,"show_slider":null,"slide_route":null,"slug":"audio-tour-guide","type":"custom","url":"https:\/\/www.situroax.net\/appmovil\/category\/audioguias\/english-audioguias\/","extra_classes":"","target":"","class":"volume-up","parent_id":"0"},{"title":"Audioguia","page_id":"87","page_type":null,"list_route":null,"list_display":null,"favorites":null,"show_slider":null,"slide_route":null,"slug":"audioguia","type":"custom","url":"https:\/\/www.situroax.net\/appmovil\/category\/audioguias\/espanol-audioguias\/","extra_classes":"","target":"","class":"volume-up","parent_id":"0"},{"title":"Audioguide touristique.","page_id":"89","page_type":null,"list_route":null,"list_display":null,"favorites":null,"show_slider":null,"slide_route":null,"slug":"audioguide-touristique","type":"custom","url":"https:\/\/www.situroax.net\/appmovil\/category\/audioguias\/francais-audioguias\/","extra_classes":"","target":"","class":"volume-up","parent_id":"0"},{"title":"Hoteles","page_id":"92","page_type":null,"list_route":null,"list_display":null,"favorites":null,"show_slider":null,"slide_route":null,"slug":"hoteles","type":"custom","url":"https:\/\/www.situroax.net\/appmovil\/category\/productos-turisticos\/hotel\/","extra_classes":"","target":"","class":"card","parent_id":"0"},{"title":"Restaurantes","page_id":"93","page_type":null,"list_route":null,"list_display":null,"favorites":null,"show_slider":null,"slide_route":null,"slug":"restaurantes","type":"custom","url":"https:\/\/www.situroax.net\/appmovil\/category\/productos-turisticos\/restaurantes\/","extra_classes":"","target":"","class":"pizza","parent_id":"0"},{"title":"Servicios Turisticos","page_id":"91","page_type":null,"list_route":null,"list_display":null,"favorites":null,"show_slider":null,"slide_route":null,"slug":"servicios-turisticos","type":"custom","url":"https:\/\/www.situroax.net\/appmovil\/category\/productos-turisticos\/","extra_classes":"","target":"","class":"cash","parent_id":"0"},{"title":"Introduccion","page_id":"5","page_type":"html","list_route":null,"list_display":null,"favorites":null,"show_slider":"false","slide_route":null,"slug":"intro","type":"apppages","url":"https:\/\/myapppresser.com\/ricardomx19\/apppages\/intro\/","extra_classes":"","target":"","class":"information-circle","parent_id":"0"},{"title":"Encuesta de Servicios","page_id":"115","page_type":null,"list_route":null,"list_display":null,"favorites":null,"show_slider":null,"slide_route":null,"slug":"encuesta-de-servicios","type":"custom","url":"https:\/\/situroax.net\/cube\/wizard","extra_classes":"","target":"","class":"help","parent_id":"0"}],"name":"App Menu"},"tab_menu":{"items":null,"name":""},"side_menu_login":"","side_menu_force_login":"","wordpress_url":"","show_registration_link":"","registration_url":"","wp_site_addr":""}